record_id,product_id,applicant,stn,status,order_date,verified_at,source,source_url,order_source_url,mrtp_status,mrtp_date,mrtp_source_url,notes
R0001,P0001,Swedish Match USA Inc.,,Authorized,2025-01-16,2026-09-14,FDA PMTA 公告,https://www.fda.gov/news-events/press-announcements/fda-authorizes-marketing-20-zyn-nicotine-pouch-products-after-extensive-scientific-review,,Authorized,2026-06-30,https://www.fda.gov/tobacco-products/ctp-newsroom/fda-authorizes-20-zyn-nicotine-pouches-be-marketed-specific-modified-risk-claim,20 个原始 ZYN 规格之一；MRTP 是独立程序
R0002,P0002,Swedish Match USA Inc.,,Authorized,2025-01-16,2026-09-14,FDA PMTA 公告,https://www.fda.gov/news-events/press-announcements/fda-authorizes-marketing-20-zyn-nicotine-pouch-products-after-extensive-scientific-review,,Authorized,2026-06-30,https://www.fda.gov/tobacco-products/ctp-newsroom/fda-authorizes-20-zyn-nicotine-pouches-be-marketed-specific-modified-risk-claim,20 个原始 ZYN 规格之一；MRTP 是独立程序
R0003,P0003,Swedish Match USA Inc.,,Authorized,2026-08-21,2026-09-14,FDA PMTA 公告,https://www.fda.gov/tobacco-products/ctp-newsroom/fda-authorizes-11-new-nicotine-pouches,,, ,,,2026-08-21 公告中的 ZYN ULTRA 规格
R0004,P0004,Swedish Match USA Inc.,,Authorized,2026-08-21,2026-09-14,FDA PMTA 公告,https://www.fda.gov/tobacco-products/ctp-newsroom/fda-authorizes-11-new-nicotine-pouches,,, ,,,2026-08-21 公告中的 ZYN ULTRA 规格
R0005,P0005,Helix Innovations LLC,,,Authorized,,2026-09-14,FDA 当前清单,https://www.fda.gov/tobacco-products/market-and-distribute-tobacco-product/nicotine-pouch-products-authorized-fda,,, ,,,当前清单列有该具体规格；STN 与授权令日期待补
R0006,P0006,Helix Innovations LLC,,,Authorized,,2026-09-14,FDA 当前清单,https://www.fda.gov/tobacco-products/market-and-distribute-tobacco-product/nicotine-pouch-products-authorized-fda,,, ,,,当前清单列有该具体规格；STN 与授权令日期待补
R0007,P0007,Swedish Match North America Inc.,PM0000014,Historical MGO,2015-11-10,2026-09-14,FDA 历史 MGO 表,https://www.fda.gov/tobacco-products/premarket-tobacco-product-applications/premarket-tobacco-product-marketing-granted-orders,, ,,,FDA 历史页面 2024-03-28 后停止更新；当前状态需复核
R0008,P0008,Philip Morris Products SA,PM0000424,Historical MGO,2019-04-30,2026-09-14,FDA 历史 MGO 表,https://www.fda.gov/tobacco-products/premarket-tobacco-product-applications/premarket-tobacco-product-marketing-granted-orders,, ,,,仅适用于美国历史授权型号
R0009,P0009,Philip Morris Products SA,PM0000425,Historical MGO,2019-04-30,2026-09-14,FDA 历史 MGO 表,https://www.fda.gov/tobacco-products/premarket-tobacco-product-applications/premarket-tobacco-product-marketing-granted-orders,, ,,,仅适用于美国历史授权型号
R0010,P0010,R.J. Reynolds Vapor Company,PM0000551,Authorized,2021-10-12,2026-09-14,FDA 当前清单,https://www.fda.gov/tobacco-products/market-and-distribute-tobacco-product/e-cigarettes-vapes-and-other-electronic-nicotine-delivery-systems-ends-authorized-fda,https://www.fda.gov/tobacco-products/premarket-tobacco-product-applications/premarket-tobacco-product-marketing-granted-orders,,, ,,,当前清单与历史授权表交叉核验
R0011,P0011,R.J. Reynolds Vapor Company,PM0000553,Authorized,2021-10-12,2026-09-14,FDA 当前清单,https://www.fda.gov/tobacco-products/market-and-distribute-tobacco-product/e-cigarettes-vapes-and-other-electronic-nicotine-delivery-systems-ends-authorized-fda,https://www.fda.gov/tobacco-products/premarket-tobacco-product-applications/premarket-tobacco-product-marketing-granted-orders,,, ,,,当前清单与历史授权表交叉核验
R0012,P0012,R.J. Reynolds Vapor Company,PM0004287,Authorized,2024-07-18,2026-09-14,FDA 当前清单,https://www.fda.gov/tobacco-products/market-and-distribute-tobacco-product/e-cigarettes-vapes-and-other-electronic-nicotine-delivery-systems-ends-authorized-fda,,, ,,,Vuse Alto 授权组合中的示例规格
R0013,P0013,NJOY LLC,PM0000613,Authorized,2022-04-26,2026-09-14,FDA 当前清单,https://www.fda.gov/tobacco-products/market-and-distribute-tobacco-product/e-cigarettes-vapes-and-other-electronic-nicotine-delivery-systems-ends-authorized-fda,https://www.fda.gov/tobacco-products/premarket-tobacco-product-applications/premarket-tobacco-product-marketing-granted-orders,,, ,,,NJOY ACE 设备
R0014,P0014,NJOY LLC,PM0000615,Authorized,2022-04-26,2026-09-14,FDA 当前清单,https://www.fda.gov/tobacco-products/market-and-distribute-tobacco-product/e-cigarettes-vapes-and-other-electronic-nicotine-delivery-systems-ends-authorized-fda,https://www.fda.gov/tobacco-products/premarket-tobacco-product-applications/premarket-tobacco-product-marketing-granted-orders,,, ,,,NJOY ACE 具体强度规格
R0015,P0015,Logic Technology Development LLC,PM0000541,Historical MGO,2022-03-24,2026-09-14,FDA 历史 MGO 表,https://www.fda.gov/tobacco-products/premarket-tobacco-product-applications/premarket-tobacco-product-marketing-granted-orders,, ,,,历史 MGO；当前清单状态需复核
