product_id,company_id,brand_id,product_name,model,product_type,subcategory,flavor,nicotine_strength,nicotine_unit,package_size,device_specs,market_version,source,source_url,last_updated
P0001,C001,B001,ZYN Chill 3 mg,ZYN,口含烟,尼古丁袋（不含烟叶）,Chill,3,mg/pouch,,美国版,FDA 当前清单,https://www.fda.gov/tobacco-products/market-and-distribute-tobacco-product/nicotine-pouch-products-authorized-fda,2026-09-14
P0002,C001,B001,ZYN Citrus 6 mg,ZYN,口含烟,尼古丁袋（不含烟叶）,Citrus,6,mg/pouch,,美国版,FDA 当前清单,https://www.fda.gov/tobacco-products/market-and-distribute-tobacco-product/nicotine-pouch-products-authorized-fda,2026-09-14
P0003,C001,B001,ZYN ULTRA Chill 9 mg,ZYN ULTRA,口含烟,尼古丁袋（不含烟叶）,Chill,9,mg/pouch,,美国版,FDA 2026-08-21 公告,https://www.fda.gov/tobacco-products/ctp-newsroom/fda-authorizes-11-new-nicotine-pouches,2026-09-14
P0004,C001,B001,ZYN ULTRA Smooth 11 mg,ZYN ULTRA,口含烟,尼古丁袋（不含烟叶）,Smooth,11,mg/pouch,,美国版,FDA 2026-08-21 公告,https://www.fda.gov/tobacco-products/ctp-newsroom/fda-authorizes-11-new-nicotine-pouches,2026-09-14
P0005,C003,B005,on! nicotine pouches 2 mg Autumn Spice,on!,口含烟,尼古丁袋（不含烟叶）,Autumn Spice,2,mg/pouch,,美国版,FDA 当前清单,https://www.fda.gov/tobacco-products/market-and-distribute-tobacco-product/nicotine-pouch-products-authorized-fda,2026-09-14
P0006,C003,B005,on! PLUS nicotine pouches 9 mg Wintergreen,on! PLUS,口含烟,尼古丁袋（不含烟叶）,Wintergreen,9,mg/pouch,,美国版,FDA 当前清单,https://www.fda.gov/tobacco-products/market-and-distribute-tobacco-product/nicotine-pouch-products-authorized-fda,2026-09-14
P0007,C001,B003,General Mint Portion White Large,General,口含烟,口腔烟草（含烟叶）,Mint,,,,12 portions,美国历史版,FDA 历史 MGO 表,https://www.fda.gov/tobacco-products/premarket-tobacco-product-applications/premarket-tobacco-product-marketing-granted-orders,2026-09-14
P0008,C001,B002,Marlboro Heatsticks,Marlboro HeatSticks,加热卷烟,烟支,,,,,美国历史版,FDA 历史 MGO 表,https://www.fda.gov/tobacco-products/premarket-tobacco-product-applications/premarket-tobacco-product-marketing-granted-orders,2026-09-14
P0009,C001,B002,Marlboro Smooth Menthol Heatsticks,Marlboro HeatSticks,加热卷烟,烟支,Smooth Menthol,,,,,美国历史版,FDA 历史 MGO 表,https://www.fda.gov/tobacco-products/premarket-tobacco-product-applications/premarket-tobacco-product-marketing-granted-orders,2026-09-14
P0010,C002,B004,Vuse Solo Power Unit,Vuse Solo,电子烟,设备,,,,,电源单元,,美国版,FDA 当前清单,https://www.fda.gov/tobacco-products/market-and-distribute-tobacco-product/e-cigarettes-vapes-and-other-electronic-nicotine-delivery-systems-ends-authorized-fda,2026-09-14
P0011,C002,B004,Vuse Replacement Cartridge Original 4.8% G1,Vuse Solo G1,电子烟,烟弹,Original,4.8,%,,,美国版,FDA 当前清单,https://www.fda.gov/tobacco-products/market-and-distribute-tobacco-product/e-cigarettes-vapes-and-other-electronic-nicotine-delivery-systems-ends-authorized-fda,2026-09-14
P0012,C002,B004,Vuse Alto Pod Golden Tobacco 5%,Vuse Alto,电子烟,烟弹,Golden Tobacco,5,%,,,美国版,FDA 当前清单,https://www.fda.gov/tobacco-products/market-and-distribute-tobacco-product/e-cigarettes-vapes-and-other-electronic-nicotine-delivery-systems-ends-authorized-fda,2026-09-14
P0013,C003,B006,NJOY ACE Device,NJOY ACE,电子烟,设备,,,,,设备,,美国版,FDA 当前清单,https://www.fda.gov/tobacco-products/market-and-distribute-tobacco-product/e-cigarettes-vapes-and-other-electronic-nicotine-delivery-systems-ends-authorized-fda,2026-09-14
P0014,C003,B006,NJOY ACE POD Classic Tobacco 5%,NJOY ACE,电子烟,烟弹,Classic Tobacco,5,%,,,美国版,FDA 当前清单,https://www.fda.gov/tobacco-products/market-and-distribute-tobacco-product/e-cigarettes-vapes-and-other-electronic-nicotine-delivery-systems-ends-authorized-fda,2026-09-14
P0015,C004,B009,Logic Power Rechargeable Kit,Logic Power,电子烟,设备,,,,,套装,,美国版,FDA 历史 MGO 表,https://www.fda.gov/tobacco-products/premarket-tobacco-product-applications/premarket-tobacco-product-marketing-granted-orders,2026-09-14
P0016,C004,B007,Ploom AURA Starter Kit,Ploom AURA,加热卷烟,设备,,,,,1 套,24.2 × 109.4 × 29.2 mm；约 77.9 g；4 种加热模式,日本版,JT 官方新闻稿,https://www.jt.com/media/news/2025/0527_E01.html,2026-09-14
P0017,C004,B008,EVO Deep Regular,EVO,加热卷烟,烟支,Regular,,,20 tobacco sticks,,日本版,JT 官方新闻稿,https://www.jt.com/media/news/2025/0527_E01.html,2026-09-14
P0018,C004,B008,EVO Cold Menthol,EVO,加热卷烟,烟支,Menthol,,,20 tobacco sticks,,日本版,JT 官方新闻稿,https://www.jt.com/media/news/2025/0527_E01.html,2026-09-14
P0019,C004,B008,EVO Berry Crystal,EVO,加热卷烟,烟支,Berry Crystal,,,20 tobacco sticks,,日本版,JT 官方新闻稿,https://www.jt.com/media/news/2025/0527_E01.html,2026-09-14
P0020,C005,B010,blu 2.0 Device,blu 2.0,电子烟,设备,,,,,设备,,英国版,Imperial 品牌页,https://www.imperialbrandsplc.com/our-brands,2026-09-14
P0021,C006,B011,lil AIBLE,lil AIBLE,加热卷烟,设备,,,,,1 device,,韩国版,The Korea Times 上市报道,https://www.koreatimes.co.kr/business/companies/20221109/ktg-launches-new-hnb-lil-aible,2026-09-14
P0022,C006,B011,lil AIBLE Premium,lil AIBLE Premium,加热卷烟,设备,,,,,1 device,OLED 屏幕；兼容三类专用烟支,韩国版,The Korea Times 上市报道,https://www.koreatimes.co.kr/business/companies/20221109/ktg-launches-new-hnb-lil-aible,2026-09-14
